uv_rsh,cod_com,Comuna,Region,cod_reg,rank_nac,c_ig_com,c_ig_reg,c_ig_nac,pob_rsh_uv,hog_uv,p_urbano,latitude,longitude
5502826,5502,CALERA,VALPARAISO,5,4500,4,3,3,940.0,555.0,99.99999999999996,-32.794465243475486,-71.21309637911028
5502827,5502,CALERA,VALPARAISO,5,3826,3,2,3,323.0,207.0,100.00000000000001,-32.79313215993467,-71.2097217355242
5502848,5502,CALERA,VALPARAISO,5,3914,3,2,3,283.0,175.0,100.00000000000001,-32.77445530084716,-71.18712947851928
57031048,5703,LLAILLAY,VALPARAISO,5,4445,4,3,3,723.0,435.0,100.00000000000001,-32.83755321503929,-70.95159425998398
57031049,5703,LLAILLAY,VALPARAISO,5,4330,4,3,3,422.0,240.0,99.99999999999996,-32.841100192998205,-70.96386249385966
53011070,5301,LOS ANDES,VALPARAISO,5,5246,4,3,4,694.0,344.0,99.99999999999999,-32.82653441883444,-70.6056025473654
5702925,5702,CATEMU,VALPARAISO,5,2401,3,1,2,641.0,345.0,4.185005947736165,-32.75097778908784,-70.93991339633455
54011012,5401,LA LIGUA,VALPARAISO,5,3987,4,2,3,448.0,242.0,8.135020346583955,-32.44886180811971,-71.2494201584091
58011294,5801,QUILPUE,VALPARAISO,5,5656,4,4,4,2402.0,1316.0,78.59887457545518,-33.06651768326199,-71.41632355483601
51051173,5105,PUCHUNCAVI,VALPARAISO,5,4464,3,3,3,35.0,19.0,0.0,-32.76152107054758,-71.41333419717901
51051174,5105,PUCHUNCAVI,VALPARAISO,5,4542,3,3,3,12.0,9.0,0.0,-32.751329834693294,-71.385402334832
51091764,5109,VINA DEL MAR,VALPARAISO,5,6641,4,4,4,821.0,470.0,100.00000000000007,-32.99928379609388,-71.51702031659322
51091765,5109,VINA DEL MAR,VALPARAISO,5,6761,4,4,4,726.0,411.0,100.00000000000003,-32.99851606501834,-71.52007477866688
51071314,5107,QUINTERO,VALPARAISO,5,1910,3,1,2,3436.0,1810.0,99.5881086705861,-32.79486291548522,-71.53267168238636
54041137,5404,PETORCA,VALPARAISO,5,3308,3,2,2,347.0,200.0,0.0,-32.21232427713342,-70.74769352289168
58011239,5801,QUILPUE,VALPARAISO,5,5234,3,3,4,1124.0,670.0,100.0,-33.04544615419678,-71.43191814947158
53011072,5301,LOS ANDES,VALPARAISO,5,5779,4,4,4,1833.0,959.0,67.64384109865719,-32.83007721122047,-70.59110275973708
58011270,5801,QUILPUE,VALPARAISO,5,5519,4,4,4,611.0,350.0,100.00000000000003,-33.04731343982462,-71.43855479533501
53011073,5301,LOS ANDES,VALPARAISO,5,4313,3,3,3,3026.0,1550.0,88.3400323608393,-32.8430681892497,-70.59514316362616
51091758,5109,VINA DEL MAR,VALPARAISO,5,6276,3,4,4,811.0,463.0,100.00000000000006,-33.00670249287926,-71.51853321439279
51091782,5109,VINA DEL MAR,VALPARAISO,5,6329,3,4,4,2316.0,1562.0,100.00000000000001,-33.02552370221389,-71.54558786924615
5103936,5103,CONCON,VALPARAISO,5,6615,4,4,4,2404.0,1256.0,100.0,-32.93742861958295,-71.53257426034496
57041128,5704,PANQUEHUE,VALPARAISO,5,5058,3,3,3,802.0,449.0,0.017367196056738,-32.791686798435755,-70.83284913851114
55061091,5506,NOGALES,VALPARAISO,5,4415,3,3,3,3126.0,1684.0,44.03845005826803,-32.72320796892254,-71.20597032315013
53041401,5304,SAN ESTEBAN,VALPARAISO,5,4037,3,2,3,416.0,172.0,3.431617247730571,-32.77433444414831,-70.58081781193285
58011278,5801,QUILPUE,VALPARAISO,5,6100,4,4,4,1127.0,580.0,100.0,-33.05362996034993,-71.40905021565902
5502828,5502,CALERA,VALPARAISO,5,3986,3,2,3,3212.0,1736.0,75.0558300141566,-32.785177090110494,-71.21358493928666
5502829,5502,CALERA,VALPARAISO,5,5346,4,3,4,989.0,593.0,98.00134212734092,-32.78850690438226,-71.20299454369506
5502834,5502,CALERA,VALPARAISO,5,4358,3,3,3,846.0,466.0,100.00000000000004,-32.78787539139089,-71.19099291422009
5502835,5502,CALERA,VALPARAISO,5,4886,4,3,3,602.0,391.0,99.99999999999993,-32.78657931300517,-71.18857868493026
5502836,5502,CALERA,VALPARAISO,5,4172,3,2,3,192.0,122.0,100.00000000000003,-32.78909446362703,-71.18846728551264
5502841,5502,CALERA,VALPARAISO,5,5676,4,4,4,395.0,236.0,100.00000000000003,-32.78730654725243,-71.2003032839868
56011347,5601,SAN ANTONIO,VALPARAISO,5,4132,3,2,3,2431.0,1347.0,100.00000000000007,-33.598437321482784,-71.60982395530196
5402799,5402,CABILDO,VALPARAISO,5,3322,4,2,2,1322.0,727.0,99.99999999999999,-32.43253594140791,-71.07252447357378
5605951,5605,EL TABO,VALPARAISO,5,3392,4,2,2,801.0,432.0,66.37802198534732,-33.489468124818146,-71.62691225497562
5402800,5402,CABILDO,VALPARAISO,5,3694,4,2,3,2118.0,1095.0,90.40772280954336,-32.435651131772396,-71.06898820487898
5402801,5402,CABILDO,VALPARAISO,5,4347,4,3,3,627.0,331.0,99.99999999999999,-32.43620803783231,-71.0735233041581
5302866,5302,CALLE LARGA,VALPARAISO,5,5750,3,4,4,2387.0,1134.0,14.120554188342597,-32.86563489593126,-70.65337856051939
5502845,5502,CALERA,VALPARAISO,5,3944,3,2,3,260.0,157.0,99.99999999999999,-32.77022711512975,-71.19230084823756
5602795,5602,ALGARROBO,VALPARAISO,5,3989,3,2,3,1001.0,505.0,0.0,-33.290917672932885,-71.57234814520184
5402798,5402,CABILDO,VALPARAISO,5,2647,3,1,2,2389.0,1219.0,64.01466691321575,-32.4277105315248,-71.06254422240728
5402802,5402,CABILDO,VALPARAISO,5,3090,3,2,2,0.0,0.0,0.017526568387078,-32.448231994144685,-71.05896006463453
5402803,5402,CABILDO,VALPARAISO,5,5410,4,3,4,508.0,282.0,54.23772347206897,-32.436248338430026,-71.0794723144313
5402805,5402,CABILDO,VALPARAISO,5,5031,4,3,3,1461.0,822.0,99.99999999999999,-32.428229066086985,-71.0687170970886
5402812,5402,CABILDO,VALPARAISO,5,2982,3,1,2,833.0,420.0,6.832350950483765,-32.39966543177192,-71.08894851364931
5402813,5402,CABILDO,VALPARAISO,5,2682,3,1,2,492.0,259.0,0.0,-32.38289492197632,-71.08966346601176
5502846,5502,CALERA,VALPARAISO,5,4658,4,3,3,259.0,173.0,99.99999999999996,-32.77096993516117,-71.19049786466344
5502847,5502,CALERA,VALPARAISO,5,4483,4,3,3,1068.0,635.0,99.99999999999999,-32.77542546979871,-71.18975329102882
5402811,5402,CABILDO,VALPARAISO,5,3211,3,2,2,570.0,296.0,0.0,-32.55669613059918,-70.92512374935335
5502825,5502,CALERA,VALPARAISO,5,4216,3,2,3,7437.0,3977.0,88.02979983573988,-32.794470070367595,-71.2214919349331
5502815,5502,CALERA,VALPARAISO,5,5749,4,4,4,2058.0,1127.0,89.68421575402733,-32.79676110529583,-71.2082914147071
5502816,5502,CALERA,VALPARAISO,5,5310,4,3,4,665.0,410.0,82.20447565803173,-32.79396289604671,-71.20332065153787
5502817,5502,CALERA,VALPARAISO,5,4805,4,3,3,1615.0,959.0,100.00000000000001,-32.7916889693479,-71.20615804891328
5502818,5502,CALERA,VALPARAISO,5,4105,3,2,3,449.0,281.0,100.00000000000003,-32.78999514142901,-71.20818476448154
5502821,5502,CALERA,VALPARAISO,5,4124,3,2,3,688.0,402.0,99.99999999999997,-32.78674611730245,-71.21048707774634
5502823,5502,CALERA,VALPARAISO,5,4825,4,3,3,2251.0,1220.0,75.34857530486774,-32.78901940108201,-71.21872719742586
5502852,5502,CALERA,VALPARAISO,5,4450,4,3,3,289.0,188.0,100.00000000000001,-32.79079852485214,-71.21236420410692
5502853,5502,CALERA,VALPARAISO,5,4416,3,3,3,756.0,483.0,100.00000000000001,-32.78821585285268,-71.19507654118635
5502855,5502,CALERA,VALPARAISO,5,3750,3,2,3,1522.0,820.0,64.03194809349431,-32.78665851826415,-71.17568620150809
5502859,5502,CALERA,VALPARAISO,5,5595,4,4,4,329.0,201.0,81.33432924148863,-32.7904948866575,-71.18676464612827
5302862,5302,CALLE LARGA,VALPARAISO,5,6109,4,4,4,167.0,85.0,15.974668039584952,-32.83462724619313,-70.64958180926493
5302865,5302,CALLE LARGA,VALPARAISO,5,5623,3,4,4,3423.0,1690.0,33.681646011712004,-32.853953057159046,-70.61908217029826
5702921,5702,CATEMU,VALPARAISO,5,2373,3,1,2,349.0,186.0,19.44866450127124,-32.75187240317605,-70.96605117703099
5302867,5302,CALLE LARGA,VALPARAISO,5,5923,4,4,4,2839.0,1430.0,4.885855400830446,-32.894580416512106,-70.64173184475328
5603875,5603,CARTAGENA,VALPARAISO,5,1681,4,1,1,848.0,466.0,100.0,-33.54363877270699,-71.59878339572361
5603881,5603,CARTAGENA,VALPARAISO,5,1274,3,1,1,2812.0,1523.0,96.12868188077344,-33.54937019808954,-71.5946734651725
5302871,5302,CALLE LARGA,VALPARAISO,5,5915,4,4,4,2031.0,1032.0,1.295232004141695,-32.909864138282124,-70.59450204526408
5603876,5603,CARTAGENA,VALPARAISO,5,1664,4,1,1,1357.0,784.0,99.99999999999987,-33.547575038255204,-71.59983945000006
5603878,5603,CARTAGENA,VALPARAISO,5,2562,4,1,2,877.0,479.0,97.99572992032874,-33.5510366110622,-71.6004124630708
5603879,5603,CARTAGENA,VALPARAISO,5,1603,3,1,1,697.0,394.0,96.26779060894012,-33.55273585653612,-71.60514769665795
5603880,5603,CARTAGENA,VALPARAISO,5,1310,3,1,1,1186.0,645.0,84.88824145539537,-33.55348951674713,-71.61754456400791
5603885,5603,CARTAGENA,VALPARAISO,5,1735,4,1,2,427.0,212.0,0.0,-33.554238889897405,-71.41149954926455
5603886,5603,CARTAGENA,VALPARAISO,5,1976,4,1,2,750.0,383.0,0.0,-33.53438563075375,-71.4946765372585
5102891,5102,CASABLANCA,VALPARAISO,5,5731,4,4,4,91.0,47.0,0.0,-33.367463778569366,-71.51780712203579
5102893,5102,CASABLANCA,VALPARAISO,5,5157,3,3,4,589.0,303.0,0.0,-33.296973736044166,-71.27997603431061
5102895,5102,CASABLANCA,VALPARAISO,5,4877,3,3,3,560.0,316.0,0.0,-33.274885820944164,-71.42837267638635
5702922,5702,CATEMU,VALPARAISO,5,2947,4,1,2,673.0,350.0,0.037885112139665,-32.7792416626974,-70.93721767283725
5603888,5603,CARTAGENA,VALPARAISO,5,1154,3,1,1,1301.0,680.0,6.41393187729233,-33.54128507831395,-71.53419523390043
5102897,5102,CASABLANCA,VALPARAISO,5,4543,3,3,3,713.0,377.0,0.0,-33.29403824749085,-71.50231302103019
5102905,5102,CASABLANCA,VALPARAISO,5,5207,3,3,4,7841.0,4275.0,77.2081714948761,-33.31109443761918,-71.41132156378335
5102902,5102,CASABLANCA,VALPARAISO,5,5951,4,4,4,621.0,318.0,4.561382009950189,-33.44058135791527,-71.44235385743224
5102903,5102,CASABLANCA,VALPARAISO,5,6196,4,4,4,2628.0,1402.0,77.28600416977461,-33.31814562459568,-71.41336567562773
5102904,5102,CASABLANCA,VALPARAISO,5,6338,4,4,4,2371.0,1312.0,91.77974148132681,-33.31365062762633,-71.41518048646586
5102907,5102,CASABLANCA,VALPARAISO,5,5440,4,4,4,97.0,52.0,5.952414393101704,-33.32515355564051,-71.41985253215532
5102908,5102,CASABLANCA,VALPARAISO,5,5438,4,4,4,20.0,10.0,7.73248073277551,-33.33178225830528,-71.40811988098889
5102911,5102,CASABLANCA,VALPARAISO,5,5005,3,3,3,424.0,221.0,4.889953522263627,-33.31190986929199,-71.38142286432337
5702918,5702,CATEMU,VALPARAISO,5,2481,4,1,2,2362.0,1199.0,56.30115302995078,-32.78610825334657,-70.95950613274043
5702927,5702,CATEMU,VALPARAISO,5,2646,4,1,2,308.0,140.0,0.020424653069428,-32.709141404169415,-70.95426491799076
5702924,5702,CATEMU,VALPARAISO,5,2271,3,1,2,748.0,409.0,2.00527629003738,-32.73315350657905,-70.95504801862091
5102912,5102,CASABLANCA,VALPARAISO,5,5320,3,3,4,158.0,86.0,0.664842608406836,-33.252997397955994,-71.34255251355569
5102915,5102,CASABLANCA,VALPARAISO,5,5433,4,4,4,4643.0,2430.0,69.87447542897833,-33.32356001199452,-71.39866804561197
5605952,5605,EL TABO,VALPARAISO,5,3284,4,2,2,3212.0,1890.0,85.95372569846488,-33.497456602716134,-71.62608664475079
5605953,5605,EL TABO,VALPARAISO,5,4280,4,3,3,69.0,40.0,76.70881683741334,-33.5023473843187,-71.61500122753321
5605955,5605,EL TABO,VALPARAISO,5,1656,3,1,1,343.0,201.0,55.977053488011215,-33.50726309990905,-71.60508585906287
5504979,5504,LA CRUZ,VALPARAISO,5,6035,4,4,4,1224.0,606.0,17.786897417136192,-32.80264752881958,-71.21866470696365
5503972,5503,HIJUELAS,VALPARAISO,5,2882,3,1,2,6999.0,3691.0,24.376803686849737,-32.79803561257985,-71.15615313180956
5503973,5503,HIJUELAS,VALPARAISO,5,2965,4,1,2,3503.0,1915.0,4.261137724767418,-32.820701901913154,-71.12298762661129
5504983,5504,LA CRUZ,VALPARAISO,5,5710,3,4,4,5672.0,2828.0,68.4486423444927,-32.85015282865823,-71.23233223023128
5504985,5504,LA CRUZ,VALPARAISO,5,6324,4,4,4,1729.0,928.0,67.16022195767077,-32.83900658439739,-71.23439529701426
57031042,5703,LLAILLAY,VALPARAISO,5,4317,4,3,3,444.0,299.0,99.99999999999999,-32.84175835454211,-70.9594548055359
5504986,5504,LA CRUZ,VALPARAISO,5,6461,4,4,4,1180.0,571.0,36.611433361943696,-32.83310094383328,-71.23075621473016
5504987,5504,LA CRUZ,VALPARAISO,5,5851,3,4,4,842.0,428.0,29.84281956240159,-32.82690977065598,-71.23582249774208
5504989,5504,LA CRUZ,VALPARAISO,5,5536,3,4,4,2169.0,1146.0,24.42606207437545,-32.815130394694435,-71.23501944223864
5504990,5504,LA CRUZ,VALPARAISO,5,5957,4,4,4,1791.0,919.0,66.28574076973604,-32.824146467815005,-71.2246788101798
5504992,5504,LA CRUZ,VALPARAISO,5,5635,3,4,4,339.0,177.0,0.025986636041004,-32.81336925875281,-71.28095926356976
54011005,5401,LA LIGUA,VALPARAISO,5,3280,4,2,2,2236.0,1125.0,20.574944325648516,-32.43152044233334,-71.22149276510207
54011007,5401,LA LIGUA,VALPARAISO,5,2769,3,1,2,672.0,351.0,0.0,-32.47776296792142,-71.27193198912296
54011008,5401,LA LIGUA,VALPARAISO,5,2656,3,1,2,1144.0,579.0,0.0,-32.345714708790815,-71.14516992429557
57031044,5703,LLAILLAY,VALPARAISO,5,3742,3,2,3,1479.0,906.0,99.35310009837356,-32.84253830464062,-70.94020362516102
57031045,5703,LLAILLAY,VALPARAISO,5,3852,3,2,3,454.0,274.0,99.99999999999999,-32.842182049932454,-70.96362675480401
54011011,5401,LA LIGUA,VALPARAISO,5,3048,3,1,2,1.0,1.0,0.863277758240151,-32.417590519573494,-71.21705537805194
54011014,5401,LA LIGUA,VALPARAISO,5,3116,3,2,2,0.0,0.0,0.004628805744315,-32.431210217253785,-71.16744964097461
54011016,5401,LA LIGUA,VALPARAISO,5,3141,4,2,2,1056.0,538.0,41.94371707902475,-32.4374242840647,-71.19895404599028
58021019,5802,LIMACHE,VALPARAISO,5,4212,3,2,3,663.0,325.0,0.0,-32.927702073329,-71.4147499235343
58021020,5802,LIMACHE,VALPARAISO,5,4784,4,3,3,562.0,316.0,0.0,-32.94218803287548,-71.37426252251666
58021023,5802,LIMACHE,VALPARAISO,5,4155,3,2,3,963.0,536.0,20.399042710864734,-32.97890199314812,-71.26067221590814
58021024,5802,LIMACHE,VALPARAISO,5,5231,4,3,4,1740.0,918.0,19.933001511738173,-32.97704431827489,-71.26442697275449
58021025,5802,LIMACHE,VALPARAISO,5,5575,4,4,4,2059.0,1134.0,8.967986583961087,-32.971884219019564,-71.27438647386508
58021027,5802,LIMACHE,VALPARAISO,5,4202,3,2,3,3258.0,1838.0,77.08048937737325,-32.989855522785035,-71.27012686745323
58021030,5802,LIMACHE,VALPARAISO,5,4087,3,2,3,744.0,397.0,1.409223397660006,-33.01444135229912,-71.22065025906294
58021031,5802,LIMACHE,VALPARAISO,5,5572,4,4,4,2987.0,1573.0,74.15849468547907,-33.00198472089821,-71.25881545013576
58021032,5802,LIMACHE,VALPARAISO,5,5049,4,3,3,3318.0,1770.0,100.0,-33.007827358006615,-71.26662942961666
58021033,5802,LIMACHE,VALPARAISO,5,4783,4,3,3,3108.0,1580.0,86.62560533961731,-33.016987764651695,-71.25203669870118
58021034,5802,LIMACHE,VALPARAISO,5,4682,3,3,3,5533.0,3023.0,99.99999999999996,-33.00867464029665,-71.25744262094021
57031053,5703,LLAILLAY,VALPARAISO,5,3815,3,2,3,1068.0,592.0,0.0,-32.88922576395565,-71.00970017469503
53011071,5301,LOS ANDES,VALPARAISO,5,5001,3,3,3,2609.0,1328.0,45.684884960426956,-32.82247355407357,-70.60177659139549
57031056,5703,LLAILLAY,VALPARAISO,5,3884,3,2,3,753.0,459.0,0.015452204486936,-32.891829334452744,-70.88973696215089
57031059,5703,LLAILLAY,VALPARAISO,5,3997,4,2,3,1299.0,722.0,0.579809956644106,-32.92786068647849,-70.96740234286192
57031060,5703,LLAILLAY,VALPARAISO,5,3907,3,2,3,1095.0,712.0,100.00000000000006,-32.839699001520934,-70.95348165612614
57031061,5703,LLAILLAY,VALPARAISO,5,4014,4,2,3,6337.0,3628.0,23.254664456341178,-32.83365187760853,-70.94913680558987
53011063,5301,LOS ANDES,VALPARAISO,5,5229,4,3,4,496.0,324.0,100.00000000000003,-32.83277921124978,-70.59500880863435
53011065,5301,LOS ANDES,VALPARAISO,5,5134,3,3,3,353.0,231.0,99.99999999999993,-32.83486899714266,-70.60104067939947
53011066,5301,LOS ANDES,VALPARAISO,5,4981,3,3,3,4690.0,2288.0,87.89616102211845,-32.83609560722803,-70.61272609832932
53011067,5301,LOS ANDES,VALPARAISO,5,5540,4,4,4,3045.0,1558.0,92.4774386226757,-32.828564727507505,-70.61251794757348
53011075,5301,LOS ANDES,VALPARAISO,5,5521,4,4,4,3558.0,1724.0,99.82163385724209,-32.84803609880513,-70.60123763993768
53011077,5301,LOS ANDES,VALPARAISO,5,5155,4,3,4,12483.0,6100.0,72.976792870974,-32.85099145799205,-70.59206305364664
55061090,5506,NOGALES,VALPARAISO,5,5128,4,3,3,751.0,411.0,73.7452483347108,-32.692433106802454,-71.21097477647984
55061085,5506,NOGALES,VALPARAISO,5,4168,3,2,3,2584.0,1250.0,2.917541651248868,-32.67883815220294,-71.23357740445024
53011082,5301,LOS ANDES,VALPARAISO,5,4299,3,3,3,353.0,173.0,10.999400466228003,-32.82511782352986,-70.63883523952623
55061089,5506,NOGALES,VALPARAISO,5,5846,4,4,4,1057.0,553.0,92.8175611475969,-32.68550114424694,-71.21266653692767
55061092,5506,NOGALES,VALPARAISO,5,4491,3,3,3,2084.0,1199.0,93.66608298997491,-32.73630485565859,-71.20226010788299
55061093,5506,NOGALES,VALPARAISO,5,3954,3,2,3,245.0,140.0,93.66888933473503,-32.74276500218369,-71.1992393515612
5401999,5401,LA LIGUA,VALPARAISO,5,4497,4,3,3,3051.0,1599.0,63.7077845100065,-32.444798159770635,-71.23026063676527
55061095,5506,NOGALES,VALPARAISO,5,4769,4,3,3,349.0,190.0,2.027785006466443,-32.75837263637982,-71.21426655184811
58031104,5803,OLMUE,VALPARAISO,5,4748,4,3,3,706.0,412.0,36.88800252698037,-32.98251230174481,-71.18246677355802
58031103,5803,OLMUE,VALPARAISO,5,4209,4,2,3,1281.0,702.0,44.83681729901615,-33.00173808690267,-71.19115675421195
51051160,5105,PUCHUNCAVI,VALPARAISO,5,4515,3,3,3,370.0,168.0,24.623544146221246,-32.71974484630198,-71.41495435185844
58031106,5803,OLMUE,VALPARAISO,5,4234,4,2,3,1196.0,654.0,32.491724173399234,-32.98133076611605,-71.17089085832406
55061098,5506,NOGALES,VALPARAISO,5,5452,4,4,4,526.0,276.0,0.0,-32.7143095415235,-71.2715028470536
55061099,5506,NOGALES,VALPARAISO,5,4942,4,3,3,254.0,134.0,1.954860241463232,-32.77576645333611,-71.22990670936348
58031109,5803,OLMUE,VALPARAISO,5,4122,3,2,3,663.0,376.0,0.0,-33.04751661003368,-71.17107438165351
58031112,5803,OLMUE,VALPARAISO,5,4200,4,2,3,896.0,463.0,0.0,-33.01352463678015,-71.05760628116843
57041121,5704,PANQUEHUE,VALPARAISO,5,4586,3,3,3,167.0,99.0,99.99999999999997,-32.78120030595208,-70.84951970667788
58031113,5803,OLMUE,VALPARAISO,5,4082,3,2,3,944.0,475.0,0.0,-33.045077324976006,-71.04390479033259
58031114,5803,OLMUE,VALPARAISO,5,4113,3,2,3,845.0,409.0,0.0,-33.073735908868706,-71.04798767655754
57041118,5704,PANQUEHUE,VALPARAISO,5,5901,4,4,4,286.0,161.0,99.99999999999997,-32.78303982434237,-70.85272772691891
57041119,5704,PANQUEHUE,VALPARAISO,5,5111,4,3,3,313.0,168.0,100.0,-32.7837236619143,-70.85403745547995
57041120,5704,PANQUEHUE,VALPARAISO,5,4669,3,3,3,285.0,168.0,99.99999999999996,-32.78219626351996,-70.85126042067598
57041122,5704,PANQUEHUE,VALPARAISO,5,5398,4,3,4,436.0,236.0,0.0,-32.764148281999915,-70.80522610115119
57041124,5704,PANQUEHUE,VALPARAISO,5,6378,4,4,4,119.0,81.0,0.0,-32.81612031510293,-70.93136144165007
54031129,5403,PAPUDO,VALPARAISO,5,5287,4,3,4,611.0,336.0,74.77974650548072,-32.50640042392561,-71.44937842272726
54041142,5404,PETORCA,VALPARAISO,5,3835,4,2,3,408.0,207.0,0.0,-32.320773921917755,-71.0348720115021
56011358,5601,SAN ANTONIO,VALPARAISO,5,4272,3,3,3,450.0,232.0,74.4420606171753,-33.62228599883932,-71.61255980412997
54031131,5403,PAPUDO,VALPARAISO,5,4834,3,3,3,1836.0,826.0,2.864326933405349,-32.422548846255125,-71.35124977819864
56011368,5601,SAN ANTONIO,VALPARAISO,5,4677,4,3,3,1774.0,985.0,100.00000000000003,-33.61349992602892,-71.61300431661121
54031133,5403,PAPUDO,VALPARAISO,5,4879,4,3,3,356.0,168.0,0.001359355197328,-32.53091169167075,-71.41374968877382
54041139,5404,PETORCA,VALPARAISO,5,4775,4,3,3,82.0,47.0,0.0,-32.15102427827811,-70.83952112762778
56011369,5601,SAN ANTONIO,VALPARAISO,5,4449,3,3,3,827.0,383.0,99.99999999999987,-33.612963060030566,-71.59781338791005
57011411,5701,SAN FELIPE,VALPARAISO,5,4503,4,3,3,1376.0,767.0,94.58430503199867,-32.7406781593496,-70.73562805578231
54041145,5404,PETORCA,VALPARAISO,5,4224,4,2,3,238.0,131.0,3.511538150230463,-32.34881206060616,-71.05319470789141
54041149,5404,PETORCA,VALPARAISO,5,3503,3,2,3,156.0,95.0,0.0,-32.25402872002962,-70.96202184709377
54041150,5404,PETORCA,VALPARAISO,5,3675,3,2,3,1947.0,1090.0,12.402484611877846,-32.25666548972361,-70.9368481150595
57051196,5705,PUTAENDO,VALPARAISO,5,1695,3,1,1,1296.0,647.0,6.226508385888238,-32.69134877387342,-70.710537565467
57051198,5705,PUTAENDO,VALPARAISO,5,1803,3,1,2,305.0,151.0,1.023867031184371,-32.66802377362475,-70.67888149185302
54041151,5404,PETORCA,VALPARAISO,5,4359,4,3,3,103.0,59.0,0.0,-32.24762876377972,-70.88358291663356
56011345,5601,SAN ANTONIO,VALPARAISO,5,4778,4,3,3,2771.0,1490.0,99.99999999999999,-33.59312304616099,-71.60878318304407
54041147,5404,PETORCA,VALPARAISO,5,3557,3,2,3,952.0,459.0,0.460656783242315,-32.28307482745476,-70.99707275721505
54041152,5404,PETORCA,VALPARAISO,5,3328,3,2,2,797.0,418.0,0.814266059889716,-32.22247043994631,-70.92853519766183
54041153,5404,PETORCA,VALPARAISO,5,4841,4,3,3,334.0,203.0,0.0,-32.24563485260811,-70.90049726309836
54041155,5404,PETORCA,VALPARAISO,5,4093,4,2,3,871.0,521.0,6.105166082098306,-32.22173201942894,-70.83492386852282
57051190,5705,PUTAENDO,VALPARAISO,5,2144,4,1,2,1184.0,612.0,0.0,-32.65852739321675,-70.77463723081304
57051197,5705,PUTAENDO,VALPARAISO,5,3152,4,2,2,1210.0,665.0,6.927869261684834,-32.660053369074966,-70.70805451954136
56011346,5601,SAN ANTONIO,VALPARAISO,5,4576,3,3,3,7346.0,3446.0,93.72286955098139,-33.596482390702384,-71.59964802447058
57011412,5701,SAN FELIPE,VALPARAISO,5,3577,3,2,3,724.0,410.0,78.04939503273079,-32.743317256314036,-70.73942801549036
57051192,5705,PUTAENDO,VALPARAISO,5,3400,4,2,2,486.0,274.0,2.156863597487675,-32.59645096877973,-70.69863075883072
57051193,5705,PUTAENDO,VALPARAISO,5,2500,4,1,2,1810.0,991.0,5.277353298744099,-32.608451990141006,-70.68244163128975
57051194,5705,PUTAENDO,VALPARAISO,5,2463,4,1,2,4153.0,2334.0,33.29649985719138,-32.628648156011806,-70.71030291942976
57051183,5705,PUTAENDO,VALPARAISO,5,1838,3,1,2,521.0,292.0,0.0,-32.495695139401306,-70.74901289590797
57051186,5705,PUTAENDO,VALPARAISO,5,1580,3,1,1,800.0,437.0,0.675830512321802,-32.56342235004933,-70.75216566846323
57051187,5705,PUTAENDO,VALPARAISO,5,3335,4,2,2,311.0,178.0,0.83528982298477,-32.593193027444364,-70.75442612468133
53031332,5303,RINCONADA,VALPARAISO,5,5537,3,4,4,28.0,18.0,3.412526365638289,-32.831748535162134,-70.66424442664731
56011372,5601,SAN ANTONIO,VALPARAISO,5,5106,4,3,3,1454.0,745.0,100.00000000000003,-33.61528040978982,-71.60549566233988
51071319,5107,QUINTERO,VALPARAISO,5,2272,3,1,2,619.0,325.0,0.072353727237924,-32.86068886653885,-71.44849321660877
53031326,5303,RINCONADA,VALPARAISO,5,6233,4,4,4,655.0,348.0,28.503645967341743,-32.837760033168905,-70.69316259711147
53031334,5303,RINCONADA,VALPARAISO,5,5065,3,3,3,962.0,466.0,0.0,-32.87366074514207,-70.68825911203548
53031335,5303,RINCONADA,VALPARAISO,5,6024,4,4,4,49.0,29.0,0.060008620708622,-32.86662372402866,-70.70785771797064
53031329,5303,RINCONADA,VALPARAISO,5,5209,3,3,4,1108.0,566.0,6.887653332019249,-32.82494462376436,-70.69965989572509
53031331,5303,RINCONADA,VALPARAISO,5,5641,4,4,4,2552.0,1186.0,19.14378072593937,-32.829489452139185,-70.67906932419973
53041388,5304,SAN ESTEBAN,VALPARAISO,5,5841,4,4,4,138.0,72.0,100.00000000000001,-32.80472943346173,-70.5823660581014
53041389,5304,SAN ESTEBAN,VALPARAISO,5,5019,4,3,3,2710.0,1302.0,61.950411459612674,-32.80312728257669,-70.57797360269977
53041390,5304,SAN ESTEBAN,VALPARAISO,5,4859,4,3,3,1232.0,575.0,38.42354157461487,-32.80644629915093,-70.57064602882782
56011350,5601,SAN ANTONIO,VALPARAISO,5,4881,4,3,3,4694.0,2265.0,37.89650280190877,-33.58519906903989,-71.59213415814706
56011352,5601,SAN ANTONIO,VALPARAISO,5,5843,4,4,4,9829.0,4794.0,92.67555959562112,-33.59005186517051,-71.6006214891182
56011364,5601,SAN ANTONIO,VALPARAISO,5,5192,4,3,4,761.0,378.0,74.7967652538072,-33.60821163681038,-71.59875668776347
56011363,5601,SAN ANTONIO,VALPARAISO,5,5230,4,3,4,1250.0,672.0,98.15523527129568,-33.61029030349982,-71.60599206116721
56011354,5601,SAN ANTONIO,VALPARAISO,5,4279,3,3,3,691.0,406.0,100.00000000000007,-33.59901103145651,-71.6143117440627
56011361,5601,SAN ANTONIO,VALPARAISO,5,4982,4,3,3,385.0,200.0,33.65811385236992,-33.60589199234731,-71.60530556490728
56011374,5601,SAN ANTONIO,VALPARAISO,5,5766,4,4,4,1934.0,982.0,99.99999999999994,-33.61861699847956,-71.61380768501066
57011413,5701,SAN FELIPE,VALPARAISO,5,3867,4,2,3,2841.0,1541.0,93.7634245862821,-32.74394692167464,-70.73232355966552
56011377,5601,SAN ANTONIO,VALPARAISO,5,4516,3,3,3,847.0,440.0,0.0,-33.7291747568316,-71.47560867809848
57011416,5701,SAN FELIPE,VALPARAISO,5,3302,3,2,2,10381.0,5493.0,74.82159837176293,-32.74402375942436,-70.71302722195607
53041391,5304,SAN ESTEBAN,VALPARAISO,5,3763,3,2,3,1114.0,535.0,1.705480985133586,-32.79173472742752,-70.54169076625459
53041392,5304,SAN ESTEBAN,VALPARAISO,5,5560,4,4,4,666.0,318.0,6.400437275243418,-32.78646071284208,-70.57631714431612
53041393,5304,SAN ESTEBAN,VALPARAISO,5,3758,3,2,3,254.0,106.0,3.695496374534814,-32.76067961569904,-70.59462672912086
53041396,5304,SAN ESTEBAN,VALPARAISO,5,3685,3,2,3,498.0,223.0,0.334785177456482,-32.75142734681217,-70.57472753082321
56011380,5601,SAN ANTONIO,VALPARAISO,5,4471,3,3,3,628.0,281.0,0.0,-33.6216750422246,-71.42372638211475
53041383,5304,SAN ESTEBAN,VALPARAISO,5,4273,4,3,3,2818.0,1262.0,80.04768438779654,-32.80574683560827,-70.58861558101076
53041386,5304,SAN ESTEBAN,VALPARAISO,5,3744,3,2,3,1127.0,511.0,4.452575204450515,-32.76565161887074,-70.55896060631977
53041399,5304,SAN ESTEBAN,VALPARAISO,5,3738,3,2,3,505.0,260.0,0.0,-32.84390863642893,-70.42071551940411
57011417,5701,SAN FELIPE,VALPARAISO,5,4733,4,3,3,152.0,96.0,100.0,-32.7495841647825,-70.7182335298087
53041403,5304,SAN ESTEBAN,VALPARAISO,5,5354,4,3,4,806.0,390.0,8.307595420596,-32.81830583811852,-70.58201321294058
57011404,5701,SAN FELIPE,VALPARAISO,5,3495,3,2,3,1028.0,613.0,100.0,-32.74802911104632,-70.72628783948619
57011406,5701,SAN FELIPE,VALPARAISO,5,4461,4,3,3,647.0,400.0,100.00000000000001,-32.75370521454328,-70.72370057470825
57011415,5701,SAN FELIPE,VALPARAISO,5,3309,3,2,2,4579.0,2372.0,94.87384836517018,-32.74059424060537,-70.72425947617238
57011418,5701,SAN FELIPE,VALPARAISO,5,4326,4,3,3,3475.0,1901.0,100.00000000000006,-32.752043524582525,-70.70953513664963
57011419,5701,SAN FELIPE,VALPARAISO,5,4920,4,3,3,767.0,456.0,100.0,-32.75234096817461,-70.71363090138742
57011420,5701,SAN FELIPE,VALPARAISO,5,4322,4,3,3,9494.0,4991.0,62.60360721835263,-32.76014339777117,-70.71399932540864
57011423,5701,SAN FELIPE,VALPARAISO,5,4125,4,2,3,186.0,134.0,99.99999999999999,-32.756968807374975,-70.72939362854835
57011424,5701,SAN FELIPE,VALPARAISO,5,3618,4,2,3,430.0,257.0,100.00000000000006,-32.755841754171776,-70.73297790372756
57011427,5701,SAN FELIPE,VALPARAISO,5,5984,4,4,4,3598.0,1805.0,68.36127730871947,-32.74805553781598,-70.69609355323202
57011429,5701,SAN FELIPE,VALPARAISO,5,3369,3,2,2,613.0,356.0,4.097097408858081,-32.780166050588846,-70.70036924997369
57011432,5701,SAN FELIPE,VALPARAISO,5,3325,3,2,2,120.0,54.0,99.99999999999999,-32.75077059805397,-70.7250679551481
57061449,5706,SANTA MARIA,VALPARAISO,5,3514,3,2,3,1038.0,530.0,30.234742459849464,-32.75409424136522,-70.65440799373432
57011436,5701,SAN FELIPE,VALPARAISO,5,3272,3,2,2,1947.0,993.0,13.618793068954814,-32.78656706991201,-70.67590076777678
57011437,5701,SAN FELIPE,VALPARAISO,5,3453,3,2,3,1461.0,778.0,9.364503968159157,-32.80570225007766,-70.6623223967283
57011439,5701,SAN FELIPE,VALPARAISO,5,3224,3,2,2,889.0,464.0,19.643477372452935,-32.74003455910532,-70.69002655817793
57061450,5706,SANTA MARIA,VALPARAISO,5,4284,4,3,3,1228.0,628.0,10.116481917413644,-32.77230879285117,-70.66075738224228
57011443,5701,SAN FELIPE,VALPARAISO,5,4248,4,2,3,612.0,330.0,6.735821205947261,-32.80547129758703,-70.69669595885392
57011444,5701,SAN FELIPE,VALPARAISO,5,3273,3,2,2,350.0,187.0,0.0,-32.69512207385686,-70.74932502730306
57061448,5706,SANTA MARIA,VALPARAISO,5,3787,3,2,3,6160.0,2973.0,14.062953044362176,-32.74244905657577,-70.66521869925671
57061445,5706,SANTA MARIA,VALPARAISO,5,4361,4,3,3,1268.0,606.0,0.495458286798103,-32.64442370021206,-70.58973917935128
57061454,5706,SANTA MARIA,VALPARAISO,5,4996,4,3,3,1673.0,839.0,7.004728408505902,-32.79345912512999,-70.62271966827673
56061458,5606,SANTO DOMINGO,VALPARAISO,5,6632,3,4,4,2602.0,1217.0,47.06465700360069,-33.657901529227644,-71.6206445435074
56061455,5606,SANTO DOMINGO,VALPARAISO,5,6784,4,4,4,1065.0,512.0,48.35581792967933,-33.6313072863749,-71.62096208339042
5103935,5103,CONCON,VALPARAISO,5,6611,4,4,4,1561.0,830.0,99.98912305996869,-32.92865402825873,-71.52631753764679
56061456,5606,SANTO DOMINGO,VALPARAISO,5,6694,4,4,4,3315.0,1545.0,16.48311372818723,-33.64593408309122,-71.59837745531901
56061457,5606,SANTO DOMINGO,VALPARAISO,5,6586,3,4,4,648.0,330.0,95.42208300488558,-33.64297313054976,-71.63147315937007
57051191,5705,PUTAENDO,VALPARAISO,5,1791,3,1,2,107.0,55.0,0.0,-32.68017954616429,-70.75116938102079
51051175,5105,PUCHUNCAVI,VALPARAISO,5,4847,4,3,3,174.0,94.0,0.782212959972034,-32.76345852720235,-71.45098193411272
54051847,5405,ZAPALLAR,VALPARAISO,5,6123,4,4,4,4683.0,2282.0,0.952410365232324,-32.55413356041845,-71.31400355784773
58011259,5801,QUILPUE,VALPARAISO,5,5092,3,3,3,1476.0,836.0,100.00000000000004,-33.05284083383764,-71.4457605503896
5602788,5602,ALGARROBO,VALPARAISO,5,4912,4,3,3,5226.0,2793.0,42.584658121951456,-33.3781930859232,-71.66585522315421
5103940,5103,CONCON,VALPARAISO,5,6483,3,4,4,1459.0,849.0,85.03128412100101,-32.932380573435,-71.54674903366895
51051176,5105,PUCHUNCAVI,VALPARAISO,5,4398,3,3,3,1090.0,547.0,41.84588891747854,-32.74447417980894,-71.4719384775854
54051844,5405,ZAPALLAR,VALPARAISO,5,6653,4,4,4,1491.0,767.0,17.474939852411513,-32.538716377319766,-71.45773409503657
54051846,5405,ZAPALLAR,VALPARAISO,5,5954,3,4,4,636.0,333.0,0.07173858346952,-32.62904256500843,-71.33123335581462
5103932,5103,CONCON,VALPARAISO,5,6581,4,4,4,2734.0,1425.0,99.99999999999994,-32.92884074164442,-71.5187883082307
5503976,5503,HIJUELAS,VALPARAISO,5,3277,4,2,2,88.0,41.0,0.0,-32.88518860291369,-71.07294319543499
5602790,5602,ALGARROBO,VALPARAISO,5,5224,4,3,4,2208.0,1253.0,63.91622130430481,-33.36277977813081,-71.65170953588166
5103934,5103,CONCON,VALPARAISO,5,6344,3,4,4,1607.0,832.0,100.0,-32.936005589551414,-71.52386633585914
5102910,5102,CASABLANCA,VALPARAISO,5,4800,3,3,3,853.0,467.0,17.59670544313695,-33.187995198848334,-71.67739433241847
5103931,5103,CONCON,VALPARAISO,5,6410,3,4,4,2901.0,1463.0,84.79411221311143,-32.93244294820069,-71.51525296614956
5103937,5103,CONCON,VALPARAISO,5,6400,3,4,4,2331.0,1225.0,99.99282069481052,-32.93359706282307,-71.53298170548501
5103941,5103,CONCON,VALPARAISO,5,6787,4,4,4,2512.0,1314.0,88.254012806369,-32.94253154978052,-71.5423209888723
5604944,5604,EL QUISCO,VALPARAISO,5,791,4,1,1,2254.0,1315.0,96.12032852315426,-33.381468398476265,-71.68844454108992
5605954,5605,EL TABO,VALPARAISO,5,1119,3,1,1,637.0,371.0,39.611365557253585,-33.50886168928759,-71.59641648090393
5605956,5605,EL TABO,VALPARAISO,5,1294,3,1,1,812.0,466.0,99.21392013985385,-33.517128665756765,-71.60565755421713
5605959,5605,EL TABO,VALPARAISO,5,2495,4,1,2,373.0,224.0,45.36160287531216,-33.44562585078582,-71.66383330433615
5604945,5604,EL QUISCO,VALPARAISO,5,722,3,1,1,3647.0,1936.0,83.73899438492764,-33.39301203031658,-71.67962514409558
5604947,5604,EL QUISCO,VALPARAISO,5,1405,4,1,1,518.0,307.0,99.96241866712383,-33.39537164290229,-71.70116904470123
5605966,5605,EL TABO,VALPARAISO,5,1731,4,1,2,450.0,260.0,99.04099576244923,-33.45367164349558,-71.65632834747633
5605967,5605,EL TABO,VALPARAISO,5,1083,3,1,1,354.0,201.0,91.57863745354254,-33.45685659351614,-71.65176554344718
5605969,5605,EL TABO,VALPARAISO,5,3084,4,2,2,223.0,139.0,51.05958574554207,-33.470354228099445,-71.64545309583173
5605971,5605,EL TABO,VALPARAISO,5,1423,3,1,1,4582.0,2686.0,95.62971412711202,-33.452454639143006,-71.66941080065908
5401993,5401,LA LIGUA,VALPARAISO,5,4333,4,3,3,5203.0,2709.0,58.22228339159232,-32.456363772792585,-71.24230359601405
5401994,5401,LA LIGUA,VALPARAISO,5,2745,3,1,2,2681.0,1451.0,94.12332364833021,-32.4552152327216,-71.23392004775144
5401998,5401,LA LIGUA,VALPARAISO,5,3264,4,2,2,3340.0,1844.0,94.24009615828278,-32.44880481726715,-71.23108679176228
51051163,5105,PUCHUNCAVI,VALPARAISO,5,4642,4,3,3,225.0,109.0,0.0,-32.70741580667691,-71.37060407670737
54011003,5401,LA LIGUA,VALPARAISO,5,2692,3,1,2,693.0,364.0,63.69238344629471,-32.442516112518206,-71.19960861788262
54011004,5401,LA LIGUA,VALPARAISO,5,3241,4,2,2,837.0,407.0,48.83609955542074,-32.43547706735341,-71.20602573437333
51051156,5105,PUCHUNCAVI,VALPARAISO,5,5411,4,3,4,2316.0,1051.0,24.86596632468291,-32.72612956432595,-71.40428279737783
51051157,5105,PUCHUNCAVI,VALPARAISO,5,6031,4,4,4,1133.0,554.0,0.36784145146829,-32.73483213787344,-71.41274837145501
51051158,5105,PUCHUNCAVI,VALPARAISO,5,5296,4,3,4,623.0,284.0,66.68925170400409,-32.72571938300496,-71.41614219089742
51051159,5105,PUCHUNCAVI,VALPARAISO,5,4463,3,3,3,138.0,75.0,1.45263967570351,-32.72461135448268,-71.43240754817049
51051166,5105,PUCHUNCAVI,VALPARAISO,5,5822,4,4,4,148.0,92.0,0.0,-32.69853170485056,-71.32136789726611
51051167,5105,PUCHUNCAVI,VALPARAISO,5,4512,3,3,3,64.0,39.0,0.0,-32.66694123089812,-71.3885115323953
58011224,5801,QUILPUE,VALPARAISO,5,5374,3,3,4,1114.0,559.0,13.224502365650752,-33.08119097410109,-71.40843354019728
58011226,5801,QUILPUE,VALPARAISO,5,6127,4,4,4,4849.0,2457.0,63.57984599129616,-33.07508720080693,-71.42151815965944
58011227,5801,QUILPUE,VALPARAISO,5,6544,4,4,4,1314.0,677.0,64.57989108837288,-33.034382276747046,-71.47670501896717
58011228,5801,QUILPUE,VALPARAISO,5,5704,4,4,4,2442.0,1365.0,36.86796654266597,-33.04660954735451,-71.48148045981358
58011223,5801,QUILPUE,VALPARAISO,5,5023,3,3,3,728.0,390.0,13.310258647193633,-33.02436621922916,-71.44355124937519
58011238,5801,QUILPUE,VALPARAISO,5,6247,4,4,4,627.0,352.0,100.0,-33.04086331795994,-71.42912312490421
58011243,5801,QUILPUE,VALPARAISO,5,5808,4,4,4,476.0,245.0,100.0,-33.03431820397978,-71.42872283841182
58011244,5801,QUILPUE,VALPARAISO,5,4823,3,3,3,2191.0,1206.0,99.99999999999999,-33.04436678485834,-71.41047985164661
58011246,5801,QUILPUE,VALPARAISO,5,5430,3,4,4,1923.0,1029.0,99.99999999999997,-33.03781817549963,-71.4051638041712
58011248,5801,QUILPUE,VALPARAISO,5,5420,3,4,4,5525.0,2863.0,83.58704820493574,-33.03273735847139,-71.40392543836796
58011249,5801,QUILPUE,VALPARAISO,5,5008,3,3,3,5264.0,2776.0,75.1172368674258,-33.03378156667048,-71.41045337388108
58011255,5801,QUILPUE,VALPARAISO,5,5394,3,3,4,796.0,496.0,100.00000000000001,-33.04991006764623,-71.43367632437995
58011256,5801,QUILPUE,VALPARAISO,5,5129,3,3,3,2306.0,1344.0,100.00000000000001,-33.05172378657086,-71.43065322293182
58011261,5801,QUILPUE,VALPARAISO,5,4943,3,3,3,667.0,363.0,99.99999999999996,-33.05354169110711,-71.45367871597317
58011266,5801,QUILPUE,VALPARAISO,5,5947,4,4,4,838.0,464.0,100.0,-33.04952293418058,-71.44770101981484
58011283,5801,QUILPUE,VALPARAISO,5,5847,4,4,4,1078.0,607.0,99.99999999999994,-33.04477050328105,-71.4277608658168
58011267,5801,QUILPUE,VALPARAISO,5,5523,4,4,4,2599.0,1417.0,100.00000000000001,-33.044569593589266,-71.45626055985024
58011268,5801,QUILPUE,VALPARAISO,5,5080,3,3,3,479.0,270.0,100.00000000000003,-33.05007206546358,-71.44312140636262
58011269,5801,QUILPUE,VALPARAISO,5,5563,4,4,4,859.0,489.0,100.0,-33.05296678880009,-71.43716258000886
58011271,5801,QUILPUE,VALPARAISO,5,5868,4,4,4,1098.0,646.0,100.0,-33.049878391775515,-71.43769637875911
58011272,5801,QUILPUE,VALPARAISO,5,5260,3,3,4,964.0,555.0,99.99999999999999,-33.05753470378018,-71.42862119463645
58011273,5801,QUILPUE,VALPARAISO,5,5094,3,3,3,1672.0,942.0,100.00000000000004,-33.05715732308925,-71.43459264190977
58011279,5801,QUILPUE,VALPARAISO,5,5124,3,3,3,3297.0,1824.0,100.00000000000004,-33.04965680498929,-71.4080265389244
58011281,5801,QUILPUE,VALPARAISO,5,5140,3,3,3,1353.0,740.0,100.00000000000006,-33.05190742197142,-71.42445618852808
58011282,5801,QUILPUE,VALPARAISO,5,5313,3,3,4,687.0,365.0,99.99999999999997,-33.04907032094015,-71.42654070775498
58011285,5801,QUILPUE,VALPARAISO,5,5837,4,4,4,686.0,371.0,100.00000000000007,-33.03415053345611,-71.4320957230621
58011286,5801,QUILPUE,VALPARAISO,5,5456,4,4,4,756.0,424.0,99.99999999999999,-33.036395329149634,-71.43258938183124
58011287,5801,QUILPUE,VALPARAISO,5,6407,4,4,4,1308.0,799.0,100.00000000000004,-33.04200274131256,-71.43459373443989
58041675,5804,VILLA ALEMANA,VALPARAISO,5,3437,3,2,3,5598.0,2822.0,99.99999999999996,-33.05403382751448,-71.37213619011989
58011288,5801,QUILPUE,VALPARAISO,5,5589,4,4,4,972.0,525.0,43.204150375341264,-33.068833415680125,-71.43953023436342
58011289,5801,QUILPUE,VALPARAISO,5,6011,4,4,4,771.0,364.0,31.478669000411134,-33.070974934171595,-71.43347405395299
58011291,5801,QUILPUE,VALPARAISO,5,5418,3,3,4,1448.0,801.0,100.00000000000004,-33.06194181149291,-71.42798275157637
58011292,5801,QUILPUE,VALPARAISO,5,5796,4,4,4,7965.0,3962.0,76.73908621487914,-33.07091492633557,-71.42717343885842
58011293,5801,QUILPUE,VALPARAISO,5,5099,3,3,3,742.0,428.0,100.00000000000007,-33.03876786472418,-71.43270918922533
58011305,5801,QUILPUE,VALPARAISO,5,5375,3,3,4,1100.0,634.0,100.0,-33.04803080178458,-71.45164651816454
51071318,5107,QUINTERO,VALPARAISO,5,2268,3,1,2,118.0,59.0,0.0,-32.79573964913968,-71.4415076849271
58041677,5804,VILLA ALEMANA,VALPARAISO,5,4177,4,2,3,8536.0,3953.0,46.69735450246249,-33.06195121557685,-71.34448425290607
58041674,5804,VILLA ALEMANA,VALPARAISO,5,4046,4,2,3,2190.0,1170.0,100.0,-33.046341778031625,-71.38485212466034
58041678,5804,VILLA ALEMANA,VALPARAISO,5,4421,4,3,3,6612.0,3367.0,99.99999999999993,-33.05167025905935,-71.3844563142234
51071324,5107,QUINTERO,VALPARAISO,5,3263,4,2,2,924.0,471.0,0.0,-32.892772109537,-71.49998959885644
58041688,5804,VILLA ALEMANA,VALPARAISO,5,4066,4,2,3,3803.0,1947.0,74.43448267657064,-33.03665719590859,-71.3548573963711
58041682,5804,VILLA ALEMANA,VALPARAISO,5,4036,4,2,3,15803.0,7734.0,47.52998607747703,-33.02884574615824,-71.39065099478631
57031040,5703,LLAILLAY,VALPARAISO,5,5151,4,3,4,1074.0,738.0,100.00000000000004,-32.84195973992147,-70.95441865530572
51071307,5107,QUINTERO,VALPARAISO,5,2101,3,1,2,2410.0,1291.0,97.96840885024,-32.77100993725575,-71.53362321866464
58011242,5801,QUILPUE,VALPARAISO,5,5538,4,4,4,941.0,582.0,90.56731691648622,-33.04383084666117,-71.44680606124784
58041683,5804,VILLA ALEMANA,VALPARAISO,5,3931,3,2,3,5364.0,2580.0,69.02702390656293,-33.0471964805162,-71.34244143254463
58041686,5804,VILLA ALEMANA,VALPARAISO,5,3624,3,2,3,3139.0,1658.0,100.00000000000006,-33.04232573419932,-71.35216620927315
58041687,5804,VILLA ALEMANA,VALPARAISO,5,3977,3,2,3,6965.0,3685.0,46.361168865858616,-33.0330241809106,-71.37152576119817
58011303,5801,QUILPUE,VALPARAISO,5,5666,4,4,4,1497.0,773.0,7.273693113334324,-33.0309558657541,-71.4621468660011
51071311,5107,QUINTERO,VALPARAISO,5,2918,4,1,2,1427.0,806.0,100.00000000000001,-32.78685786240312,-71.53151311082621
51071312,5107,QUINTERO,VALPARAISO,5,2955,4,1,2,2646.0,1509.0,99.9298497686879,-32.790647410725825,-71.53144995328915
5602791,5602,ALGARROBO,VALPARAISO,5,3909,3,2,3,1811.0,1053.0,45.069991689803366,-33.33164642998349,-71.64662831775158
5502860,5502,CALERA,VALPARAISO,5,3804,3,2,3,379.0,229.0,76.60609507441714,-32.791317809266715,-71.18318452825791
51071308,5107,QUINTERO,VALPARAISO,5,2445,4,1,2,1901.0,1138.0,98.03044071764764,-32.777167624347776,-71.53200732760624
51071309,5107,QUINTERO,VALPARAISO,5,3900,4,2,3,613.0,312.0,100.0,-32.78764990735868,-71.52633714162745
51071315,5107,QUINTERO,VALPARAISO,5,2438,3,1,2,1445.0,691.0,91.02425382800453,-32.79861181801278,-71.5360899546303
56011357,5601,SAN ANTONIO,VALPARAISO,5,4397,3,3,3,1676.0,791.0,77.15529455908302,-33.61646439100016,-71.62008783996478
56011366,5601,SAN ANTONIO,VALPARAISO,5,4377,3,3,3,591.0,289.0,99.99999999999994,-33.61044678326854,-71.59969947120068
51091714,5109,VINA DEL MAR,VALPARAISO,5,6535,4,4,4,533.0,293.0,99.99999999999996,-33.041211919100505,-71.54244138796328
51091700,5109,VINA DEL MAR,VALPARAISO,5,6669,4,4,4,1062.0,638.0,100.0,-33.030450801419406,-71.56530599268807
51091823,5109,VINA DEL MAR,VALPARAISO,5,6681,4,4,4,1552.0,864.0,99.99999999999994,-33.034529967159266,-71.58010095923923
51091712,5109,VINA DEL MAR,VALPARAISO,5,6519,3,4,4,227.0,129.0,100.0,-33.03555934461877,-71.54476133000571
51091800,5109,VINA DEL MAR,VALPARAISO,5,6438,3,4,4,976.0,514.0,99.99999999999993,-32.99159199937345,-71.52437865642652
51091691,5109,VINA DEL MAR,VALPARAISO,5,6579,4,4,4,1155.0,641.0,99.99999999999987,-33.03616291209073,-71.5744171508992
51091692,5109,VINA DEL MAR,VALPARAISO,5,6346,3,4,4,941.0,484.0,100.00000000000001,-33.041460215295366,-71.57199973086276
51091694,5109,VINA DEL MAR,VALPARAISO,5,6229,3,4,4,853.0,502.0,99.99999999999996,-33.0465947024676,-71.56325772552398
51091696,5109,VINA DEL MAR,VALPARAISO,5,6422,3,4,4,1117.0,614.0,70.68855597921183,-33.043901610786435,-71.55636942265065
51091698,5109,VINA DEL MAR,VALPARAISO,5,6364,3,4,4,670.0,364.0,99.99999999999997,-33.037658838152296,-71.56041251282804
51091699,5109,VINA DEL MAR,VALPARAISO,5,6748,4,4,4,1141.0,645.0,61.724801233679294,-33.03460399348581,-71.55569175508082
51091801,5109,VINA DEL MAR,VALPARAISO,5,6590,4,4,4,1103.0,655.0,99.99999999999999,-32.99584622075245,-71.52094514655562
51091701,5109,VINA DEL MAR,VALPARAISO,5,6433,3,4,4,1602.0,907.0,100.00000000000004,-33.03256313845662,-71.56334551811885
51091702,5109,VINA DEL MAR,VALPARAISO,5,6647,4,4,4,1064.0,647.0,100.00000000000007,-33.030734264517164,-71.56011207369579
51091703,5109,VINA DEL MAR,VALPARAISO,5,6249,3,4,4,2406.0,1348.0,100.0,-33.02896927056377,-71.5684034079474
51091707,5109,VINA DEL MAR,VALPARAISO,5,6232,3,4,4,642.0,359.0,65.96136516071549,-33.037986508921314,-71.55017345051917
51091710,5109,VINA DEL MAR,VALPARAISO,5,6583,4,4,4,832.0,477.0,47.06825847508439,-33.03347210456149,-71.55047305154312
51091716,5109,VINA DEL MAR,VALPARAISO,5,6390,3,4,4,805.0,470.0,99.99999999999997,-33.03610529916976,-71.54245566245078
51091720,5109,VINA DEL MAR,VALPARAISO,5,6284,3,4,4,391.0,214.0,89.40087597042792,-33.04127045325089,-71.53779395839321
51091724,5109,VINA DEL MAR,VALPARAISO,5,6417,3,4,4,1587.0,962.0,99.99999999999997,-33.0130128285668,-71.53981680777258
51091727,5109,VINA DEL MAR,VALPARAISO,5,6674,4,4,4,3326.0,1707.0,99.99949686269323,-32.97985828631448,-71.53894781350172
51091729,5109,VINA DEL MAR,VALPARAISO,5,6369,3,4,4,1763.0,980.0,99.99999999999997,-33.02675782067027,-71.52370327639333
51091734,5109,VINA DEL MAR,VALPARAISO,5,6451,3,4,4,1813.0,987.0,100.00000000000007,-33.03095026755694,-71.5267251562759
51091736,5109,VINA DEL MAR,VALPARAISO,5,6569,4,4,4,2348.0,1304.0,87.85603774448472,-33.03402183121091,-71.49844327930764
51091737,5109,VINA DEL MAR,VALPARAISO,5,6379,3,4,4,4088.0,2275.0,87.61176440329169,-33.030061042606945,-71.49292837592712
51091739,5109,VINA DEL MAR,VALPARAISO,5,6514,3,4,4,1725.0,929.0,100.00000000000004,-33.02632378097232,-71.5081298842901
51091740,5109,VINA DEL MAR,VALPARAISO,5,6571,4,4,4,468.0,257.0,99.99999999999999,-33.02452069988573,-71.50122759819013
51091742,5109,VINA DEL MAR,VALPARAISO,5,6331,3,4,4,15108.0,8244.0,100.00000000000001,-33.02813288011091,-71.57231578874666
51091754,5109,VINA DEL MAR,VALPARAISO,5,6294,3,4,4,666.0,338.0,99.99999999999997,-33.0110939368386,-71.50869493319857
51091757,5109,VINA DEL MAR,VALPARAISO,5,6328,3,4,4,1960.0,1018.0,99.70823145979318,-33.00770439501902,-71.49694186349558
51091762,5109,VINA DEL MAR,VALPARAISO,5,6370,3,4,4,11950.0,6195.0,99.99999999999996,-33.002588766049456,-71.49714669874722
51091763,5109,VINA DEL MAR,VALPARAISO,5,6682,4,4,4,1298.0,732.0,100.00000000000004,-33.00180910512315,-71.51943674504355
51091766,5109,VINA DEL MAR,VALPARAISO,5,6711,4,4,4,1544.0,836.0,54.98967668717573,-32.995555326330766,-71.51171385497173
51091767,5109,VINA DEL MAR,VALPARAISO,5,6673,4,4,4,982.0,536.0,100.00000000000004,-32.996382911136905,-71.51458309667404
51091768,5109,VINA DEL MAR,VALPARAISO,5,6462,3,4,4,2364.0,1321.0,95.38162072633483,-32.99486410682754,-71.51712307053259
51091770,5109,VINA DEL MAR,VALPARAISO,5,6414,3,4,4,2538.0,1423.0,99.99999999999989,-32.98867836998472,-71.52758500305552
51091771,5109,VINA DEL MAR,VALPARAISO,5,6622,4,4,4,617.0,343.0,54.47894056212661,-32.987495186489355,-71.52413023635707
51091772,5109,VINA DEL MAR,VALPARAISO,5,6419,3,4,4,524.0,282.0,78.09698339030842,-32.9844589166381,-71.52671808976599
51091773,5109,VINA DEL MAR,VALPARAISO,5,6600,4,4,4,1288.0,718.0,100.00000000000006,-32.98741051454463,-71.53422381710475
51091774,5109,VINA DEL MAR,VALPARAISO,5,6504,3,4,4,823.0,476.0,100.00000000000006,-33.004163593541904,-71.50814694917203
51091776,5109,VINA DEL MAR,VALPARAISO,5,6652,4,4,4,3893.0,2053.0,99.99999999999997,-32.99960750395784,-71.49340617156214
51091780,5109,VINA DEL MAR,VALPARAISO,5,6237,3,4,4,5167.0,2590.0,99.99999999999994,-32.99370262963022,-71.48882251494702
51091781,5109,VINA DEL MAR,VALPARAISO,5,6767,4,4,4,881.0,552.0,84.36614569887817,-33.02871751590472,-71.54852641659977
51091784,5109,VINA DEL MAR,VALPARAISO,5,6721,4,4,4,510.0,299.0,99.50554205706354,-33.032151070453274,-71.55798041955815
51091785,5109,VINA DEL MAR,VALPARAISO,5,6617,4,4,4,2427.0,1571.0,96.27162428530478,-33.027334868561844,-71.55784644147201
51091802,5109,VINA DEL MAR,VALPARAISO,5,6472,3,4,4,1502.0,744.0,100.00000000000006,-32.993288267529564,-71.52159685851095
51091786,5109,VINA DEL MAR,VALPARAISO,5,6226,3,4,4,1500.0,790.0,100.00000000000001,-33.039314516836455,-71.53899362154038
51091789,5109,VINA DEL MAR,VALPARAISO,5,6582,4,4,4,974.0,573.0,100.0,-33.031241570365424,-71.57706073090706
51091790,5109,VINA DEL MAR,VALPARAISO,5,6557,4,4,4,561.0,319.0,99.99999999999996,-33.031075751153814,-71.54711167811294
51091791,5109,VINA DEL MAR,VALPARAISO,5,6614,4,4,4,375.0,223.0,100.0,-33.03048722562733,-71.54539592942454
51091805,5109,VINA DEL MAR,VALPARAISO,5,6697,4,4,4,1316.0,729.0,100.00000000000003,-33.02313743741515,-71.52532210285327
51091809,5109,VINA DEL MAR,VALPARAISO,5,6635,4,4,4,3049.0,1532.0,71.91487958634443,-33.00651648377884,-71.48841229323317
51091812,5109,VINA DEL MAR,VALPARAISO,5,6655,4,4,4,1379.0,712.0,64.23083599475441,-32.96710095297853,-71.52557617341998
51091813,5109,VINA DEL MAR,VALPARAISO,5,6660,4,4,4,3936.0,2039.0,100.00000000000003,-32.99771202595329,-71.49850209244865
51091814,5109,VINA DEL MAR,VALPARAISO,5,6648,4,4,4,3416.0,1760.0,100.0,-32.99109850852152,-71.49856344636991
51091815,5109,VINA DEL MAR,VALPARAISO,5,6440,3,4,4,1346.0,742.0,99.99999999999999,-33.02218092972452,-71.50743788629163
51091816,5109,VINA DEL MAR,VALPARAISO,5,6460,3,4,4,2373.0,1300.0,100.0,-33.0195964446065,-71.51557659556464
51091824,5109,VINA DEL MAR,VALPARAISO,5,6309,3,4,4,808.0,427.0,100.00000000000003,-33.037158798849994,-71.58067124263748
51091825,5109,VINA DEL MAR,VALPARAISO,5,6533,3,4,4,1047.0,539.0,99.99999999999999,-33.04669894476033,-71.570643385982
51091826,5109,VINA DEL MAR,VALPARAISO,5,6431,3,4,4,721.0,402.0,100.00000000000004,-33.04651623651544,-71.5667554493445
51091831,5109,VINA DEL MAR,VALPARAISO,5,6437,3,4,4,697.0,390.0,100.0,-33.03993515189676,-71.57741183528063
51091833,5109,VINA DEL MAR,VALPARAISO,5,6686,4,4,4,1318.0,780.0,99.99999999999999,-33.03616619830099,-71.50472183849132
51091834,5109,VINA DEL MAR,VALPARAISO,5,6463,3,4,4,2098.0,1213.0,70.77145202169747,-33.04051081618003,-71.51055175734392
51091717,5109,VINA DEL MAR,VALPARAISO,5,6482,3,4,4,721.0,397.0,100.00000000000001,-33.03477460809063,-71.53788691734268
51091835,5109,VINA DEL MAR,VALPARAISO,5,6567,4,4,4,2070.0,1111.0,99.99999999999994,-33.03087519015884,-71.50591480047287
51091838,5109,VINA DEL MAR,VALPARAISO,5,6719,4,4,4,776.0,444.0,100.00000000000004,-33.003512039657394,-71.54770093147899
51091841,5109,VINA DEL MAR,VALPARAISO,5,6724,4,4,4,2931.0,1713.0,99.99999999999999,-33.031809307411315,-71.53667191872375
51091842,5109,VINA DEL MAR,VALPARAISO,5,6644,4,4,4,1261.0,786.0,100.0,-33.02764693483931,-71.53964938516214
51091837,5109,VINA DEL MAR,VALPARAISO,5,6754,4,4,4,1533.0,913.0,100.0000000000002,-33.029230088255346,-71.58195881912532
5702919,5702,CATEMU,VALPARAISO,5,2561,4,1,2,697.0,358.0,44.54306668937859,-32.781334405759495,-70.966753279794
51091836,5109,VINA DEL MAR,VALPARAISO,5,6753,4,4,4,882.0,580.0,54.61010216718245,-33.03915543715653,-71.51598007888246
51091693,5109,VINA DEL MAR,VALPARAISO,5,6446,3,4,4,1865.0,955.0,100.00000000000006,-33.03729913311945,-71.5675776169019
51091808,5109,VINA DEL MAR,VALPARAISO,5,6554,4,4,4,1888.0,1084.0,100.0,-33.036221678461295,-71.52926293455965
51091744,5109,VINA DEL MAR,VALPARAISO,5,6357,3,4,4,799.0,465.0,99.99999999999996,-33.03305453601583,-71.56842119651444
51011594,5101,VALPARAISO,VALPARAISO,5,5028,3,3,3,442.0,264.0,100.00000000000001,-33.05915354881778,-71.59757713168624
51011606,5101,VALPARAISO,VALPARAISO,5,6062,4,4,4,237.0,150.0,100.0,-33.048528801014314,-71.59456470121361
51011607,5101,VALPARAISO,VALPARAISO,5,6267,4,4,4,362.0,204.0,100.00000000000007,-33.04076487737272,-71.64648012552084
51091690,5109,VINA DEL MAR,VALPARAISO,5,6559,4,4,4,405.0,238.0,99.99999999999999,-33.036323404813075,-71.57732332265556
51011637,5101,VALPARAISO,VALPARAISO,5,4544,3,3,3,587.0,327.0,100.00000000000007,-33.044736258270646,-71.6460999044806
51011486,5101,VALPARAISO,VALPARAISO,5,5343,4,3,4,347.0,191.0,99.99999999999999,-33.056597966506686,-71.64331819784604
51011504,5101,VALPARAISO,VALPARAISO,5,4631,3,3,3,1678.0,952.0,99.99999999999997,-33.04876991219407,-71.63686531118209
51011481,5101,VALPARAISO,VALPARAISO,5,5148,3,3,4,1123.0,619.0,99.99999999999996,-33.052627365279385,-71.64957169088281
51011483,5101,VALPARAISO,VALPARAISO,5,4711,3,3,3,406.0,248.0,99.99999999999999,-33.049936045133514,-71.6468411498569
51011513,5101,VALPARAISO,VALPARAISO,5,4874,3,3,3,136.0,91.0,91.59257753812575,-33.05952332384277,-71.62861950834325
51011547,5101,VALPARAISO,VALPARAISO,5,4696,3,3,3,877.0,546.0,100.0,-33.037282132709684,-71.58863365596936
51011559,5101,VALPARAISO,VALPARAISO,5,6007,4,4,4,1207.0,730.0,99.99999999999999,-33.045145918312826,-71.59537522138558
51011560,5101,VALPARAISO,VALPARAISO,5,4761,3,3,3,408.0,241.0,99.99999999999994,-33.04524929177533,-71.59311473165943
51011655,5101,VALPARAISO,VALPARAISO,5,4626,3,3,3,364.0,197.0,85.83121874903527,-33.055302462497266,-71.5695622596944
51011463,5101,VALPARAISO,VALPARAISO,5,4718,3,3,3,748.0,459.0,100.00000000000009,-33.029454999798965,-71.64255198268373
51011464,5101,VALPARAISO,VALPARAISO,5,5518,4,4,4,2485.0,1383.0,99.99999999999997,-33.03231992895693,-71.64464684300638
51011467,5101,VALPARAISO,VALPARAISO,5,4486,3,3,3,475.0,268.0,99.99999917546197,-33.037845603465726,-71.65236351635411
51011468,5101,VALPARAISO,VALPARAISO,5,5760,4,4,4,694.0,418.0,100.00000000000001,-33.04006098867104,-71.64796867886726
51011470,5101,VALPARAISO,VALPARAISO,5,4594,3,3,3,946.0,539.0,99.99999999999996,-33.03845022760974,-71.64095994307966
51011472,5101,VALPARAISO,VALPARAISO,5,4681,3,3,3,981.0,599.0,99.99999999999999,-33.03263941852729,-71.63835559361077
51011474,5101,VALPARAISO,VALPARAISO,5,4758,3,3,3,623.0,357.0,100.0,-33.036251794481785,-71.63702421724594
51011475,5101,VALPARAISO,VALPARAISO,5,5063,3,3,3,897.0,542.0,99.99999999999997,-33.03412507845636,-71.63738562972779
51011476,5101,VALPARAISO,VALPARAISO,5,5707,4,4,4,359.0,212.0,99.99999999999999,-33.0388726381882,-71.63811080794956
51011478,5101,VALPARAISO,VALPARAISO,5,5215,4,3,4,228.0,140.0,99.99999999999994,-33.05078915648313,-71.65046104746912
51011491,5101,VALPARAISO,VALPARAISO,5,4629,3,3,3,1055.0,712.0,100.0,-33.04202136660807,-71.63020497423413
51011480,5101,VALPARAISO,VALPARAISO,5,4776,3,3,3,512.0,319.0,99.99999999999996,-33.053226582629755,-71.64686819041883
51011495,5101,VALPARAISO,VALPARAISO,5,4900,3,3,3,626.0,359.0,100.00000000000007,-33.04011449334129,-71.64393975771915
51011496,5101,VALPARAISO,VALPARAISO,5,4455,3,3,3,515.0,301.0,100.00000000000003,-33.041959757031414,-71.6404834517824
51011497,5101,VALPARAISO,VALPARAISO,5,4494,3,3,3,628.0,342.0,100.0,-33.04293640292416,-71.64249065389832
51011498,5101,VALPARAISO,VALPARAISO,5,4861,3,3,3,969.0,549.0,100.00000000000006,-33.04363312663283,-71.6394577846455
51011501,5101,VALPARAISO,VALPARAISO,5,4480,3,3,3,876.0,512.0,99.99999999999996,-33.0485496215323,-71.64164924234925
51011549,5101,VALPARAISO,VALPARAISO,5,4382,3,3,3,1424.0,827.0,100.0,-33.042429860928316,-71.59551917442153
51011515,5101,VALPARAISO,VALPARAISO,5,4941,3,3,3,236.0,133.0,99.99999999999997,-33.0556145308061,-71.62684875952857
51011505,5101,VALPARAISO,VALPARAISO,5,4601,3,3,3,1975.0,1085.0,97.83024007460648,-33.05122693729958,-71.6335925695803
51011509,5101,VALPARAISO,VALPARAISO,5,4556,3,3,3,1294.0,845.0,100.0,-33.0470215465776,-71.6279003806586
51011516,5101,VALPARAISO,VALPARAISO,5,5322,4,3,4,1218.0,763.0,99.99999999999996,-33.050364292136464,-71.62686510858572
51011525,5101,VALPARAISO,VALPARAISO,5,4417,3,3,3,783.0,428.0,100.00000000000001,-33.05965370694958,-71.61070133902923
51011528,5101,VALPARAISO,VALPARAISO,5,4865,3,3,3,516.0,297.0,58.398910348435265,-33.05923021890703,-71.60178710953483
51011530,5101,VALPARAISO,VALPARAISO,5,5515,4,4,4,384.0,236.0,100.00000000000001,-33.05290581436006,-71.60384994420203
51011531,5101,VALPARAISO,VALPARAISO,5,5293,4,3,4,851.0,544.0,99.99999999999999,-33.03396660279435,-71.63313241324757
51011532,5101,VALPARAISO,VALPARAISO,5,5249,4,3,4,917.0,542.0,100.00000000000007,-33.0355958329779,-71.63463487625341
51011533,5101,VALPARAISO,VALPARAISO,5,5163,3,3,4,414.0,254.0,99.99999999999986,-33.03488136637658,-71.63335658242005
51018068,5101,VALPARAISO,VALPARAISO,5,4897,3,3,3,759.0,433.0,99.99999999999996,-33.05369340215696,-71.59678047082727
51011537,5101,VALPARAISO,VALPARAISO,5,6496,4,4,4,3212.0,1887.0,100.00000000000003,-33.05586952319829,-71.58745490748571
51011538,5101,VALPARAISO,VALPARAISO,5,6418,4,4,4,1477.0,889.0,100.00000000000004,-33.05392078676658,-71.59274237739297
51011539,5101,VALPARAISO,VALPARAISO,5,5195,4,3,4,1364.0,785.0,100.00000000000004,-33.05559764967122,-71.61005193621756
51011544,5101,VALPARAISO,VALPARAISO,5,5311,4,3,4,1594.0,1051.0,99.999561523485,-33.03512340515042,-71.59412065599862
51011545,5101,VALPARAISO,VALPARAISO,5,5879,4,4,4,2984.0,1937.0,100.00000000000003,-33.03902197773892,-71.59196694309435
51011548,5101,VALPARAISO,VALPARAISO,5,5414,4,3,4,441.0,276.0,100.00000000000004,-33.040561725260154,-71.59479609034966
51011551,5101,VALPARAISO,VALPARAISO,5,5158,3,3,4,3903.0,2442.0,99.99999999999996,-33.04075554505221,-71.60082728024733
51011552,5101,VALPARAISO,VALPARAISO,5,5944,4,4,4,1104.0,740.0,100.00000000000004,-33.043850758292336,-71.60191396446486
51011554,5101,VALPARAISO,VALPARAISO,5,4741,3,3,3,1627.0,1044.0,99.99999999999996,-33.045917052016,-71.59989854284345
51011555,5101,VALPARAISO,VALPARAISO,5,6069,4,4,4,2091.0,1327.0,99.99999999999999,-33.04379690483943,-71.58907334531345
51011557,5101,VALPARAISO,VALPARAISO,5,5467,4,4,4,755.0,439.0,99.99999999999996,-33.046444239042216,-71.57972394683277
51011563,5101,VALPARAISO,VALPARAISO,5,5998,4,4,4,775.0,478.0,99.99999999999997,-33.045840244763774,-71.63356269185596
51011564,5101,VALPARAISO,VALPARAISO,5,4447,3,3,3,1206.0,732.0,99.99999999999996,-33.043436320784366,-71.63588112108576
51011566,5101,VALPARAISO,VALPARAISO,5,4534,3,3,3,928.0,514.0,91.25910328520884,-33.05888558052172,-71.56149081322684
51011568,5101,VALPARAISO,VALPARAISO,5,4519,3,3,3,1181.0,682.0,100.00000000000001,-33.060946986918815,-71.60699775469887
51011571,5101,VALPARAISO,VALPARAISO,5,6545,4,4,4,96.0,58.0,99.99999999999999,-33.06157748925327,-71.57469796467727
51011572,5101,VALPARAISO,VALPARAISO,5,5273,4,3,4,1236.0,687.0,77.05238132999078,-33.063528798894446,-71.57907783581048
51011573,5101,VALPARAISO,VALPARAISO,5,5713,4,4,4,1974.0,1281.0,100.00000000000003,-33.04924003193043,-71.62438976530855
51011574,5101,VALPARAISO,VALPARAISO,5,5184,4,3,4,1354.0,815.0,100.00000000000006,-33.05293616813144,-71.6184256060599
51011575,5101,VALPARAISO,VALPARAISO,5,4964,3,3,3,1893.0,1169.0,99.99999999999994,-33.05147017264397,-71.62012015193834
51011576,5101,VALPARAISO,VALPARAISO,5,5339,4,3,4,1960.0,1256.0,99.99999999999993,-33.04971912715448,-71.62229626976197
51011581,5101,VALPARAISO,VALPARAISO,5,4426,3,3,3,1157.0,637.0,94.29914817119285,-33.072864384955245,-71.58496851516475
51011582,5101,VALPARAISO,VALPARAISO,5,5810,4,4,4,2119.0,1251.0,99.99842048471044,-33.06347127184876,-71.58500272852287
51011583,5101,VALPARAISO,VALPARAISO,5,6280,4,4,4,2257.0,1456.0,100.00000000000006,-33.058564757927094,-71.59150686559236
51011585,5101,VALPARAISO,VALPARAISO,5,4926,3,3,3,168.0,103.0,100.00000000000001,-33.04826112103972,-71.60013040383465
51011587,5101,VALPARAISO,VALPARAISO,5,4771,3,3,3,581.0,338.0,100.0,-33.05043814636376,-71.5767294903961
51011588,5101,VALPARAISO,VALPARAISO,5,5527,4,4,4,898.0,521.0,100.00000000000001,-33.04508116901002,-71.58396804020086
51011591,5101,VALPARAISO,VALPARAISO,5,5003,3,3,3,1721.0,1030.0,100.00000000000001,-33.05801513849749,-71.57754206529428
51011596,5101,VALPARAISO,VALPARAISO,5,5549,4,4,4,145.0,76.0,91.1102722151725,-33.05815125374706,-71.56421464158373
51011597,5101,VALPARAISO,VALPARAISO,5,4958,3,3,3,705.0,409.0,99.99999999999991,-33.05701314299727,-71.5958311400775
51011598,5101,VALPARAISO,VALPARAISO,5,5649,4,4,4,529.0,328.0,100.0,-33.05365659526309,-71.60544848082762
51011600,5101,VALPARAISO,VALPARAISO,5,4670,3,3,3,644.0,356.0,100.00000000000001,-33.056914352448864,-71.6034257331026
51011601,5101,VALPARAISO,VALPARAISO,5,4573,3,3,3,1326.0,789.0,99.99999999999999,-33.05647398398474,-71.60741478605895
51011602,5101,VALPARAISO,VALPARAISO,5,5820,4,4,4,910.0,536.0,100.00000000000004,-33.05374502640426,-71.61589744188774
51011603,5101,VALPARAISO,VALPARAISO,5,4976,3,3,3,420.0,265.0,99.99999999999991,-33.0512602744116,-71.61498760491683
51011604,5101,VALPARAISO,VALPARAISO,5,4746,3,3,3,526.0,323.0,100.0,-33.0420172289819,-71.63277469344209
51011605,5101,VALPARAISO,VALPARAISO,5,5237,4,3,4,1755.0,1022.0,99.99999999999997,-33.04990512046742,-71.59802090056867
51011612,5101,VALPARAISO,VALPARAISO,5,6152,4,4,4,5234.0,2740.0,82.55995602310175,-33.11653325986785,-71.58213586873087
51011617,5101,VALPARAISO,VALPARAISO,5,5071,3,3,3,1350.0,643.0,71.36750541450762,-33.129993852657435,-71.55641067278363
51011613,5101,VALPARAISO,VALPARAISO,5,4560,3,3,3,5637.0,3032.0,95.54108230683649,-33.1132377476661,-71.57231705855057
51011614,5101,VALPARAISO,VALPARAISO,5,6319,4,4,4,3166.0,1569.0,69.39746396412023,-33.129340970633386,-71.57328583605994
51011615,5101,VALPARAISO,VALPARAISO,5,6502,4,4,4,2740.0,1430.0,100.00000000000001,-33.12342795555503,-71.5690129716323
51011616,5101,VALPARAISO,VALPARAISO,5,6527,4,4,4,1988.0,929.0,72.96638697021497,-33.140274889355815,-71.56654192519535
51011621,5101,VALPARAISO,VALPARAISO,5,5446,4,4,4,1377.0,847.0,29.293380978228093,-33.066793877160194,-71.56808231785872
51011622,5101,VALPARAISO,VALPARAISO,5,5181,4,3,4,598.0,333.0,100.00000000000001,-33.058725806854156,-71.5811355359173
51011624,5101,VALPARAISO,VALPARAISO,5,5714,4,4,4,139.0,81.0,100.00000000000007,-33.05507552390563,-71.58253171961644
51011629,5101,VALPARAISO,VALPARAISO,5,5137,3,3,3,879.0,537.0,100.00000000000004,-33.05512855346694,-71.60082291970588
51011633,5101,VALPARAISO,VALPARAISO,5,4812,3,3,3,282.0,161.0,100.00000000000001,-33.05538742508338,-71.60584321480626
51011635,5101,VALPARAISO,VALPARAISO,5,4715,3,3,3,509.0,286.0,99.99999999999999,-33.04539266815557,-71.64859527147107
51011646,5101,VALPARAISO,VALPARAISO,5,4817,3,3,3,832.0,516.0,99.9773022687917,-33.03139589270251,-71.58549068777548
51011639,5101,VALPARAISO,VALPARAISO,5,5802,4,4,4,102.0,58.0,99.99632942090284,-33.0281768628211,-71.65147863137966
51011644,5101,VALPARAISO,VALPARAISO,5,6254,4,4,4,4848.0,2466.0,93.69605964939741,-33.121805425868686,-71.57915456430044
51011647,5101,VALPARAISO,VALPARAISO,5,5401,4,3,4,2255.0,1332.0,99.72588138501408,-33.03425387308878,-71.58615959826047
51011648,5101,VALPARAISO,VALPARAISO,5,5487,4,4,4,1886.0,1128.0,100.0,-33.03936111050487,-71.58261800264887
51011649,5101,VALPARAISO,VALPARAISO,5,5342,4,3,4,495.0,296.0,99.99999999999977,-33.04088364061358,-71.58357940079178
51011651,5101,VALPARAISO,VALPARAISO,5,5910,4,4,4,1080.0,667.0,100.0,-33.048618534629085,-71.58080842344002
51011652,5101,VALPARAISO,VALPARAISO,5,5531,4,4,4,504.0,308.0,100.0000000000001,-33.04400988249697,-71.58163502779449
51011660,5101,VALPARAISO,VALPARAISO,5,5897,4,4,4,520.0,317.0,99.99999999999999,-33.05678730760255,-71.56279585235787
51011663,5101,VALPARAISO,VALPARAISO,5,5146,3,3,3,1123.0,608.0,30.84193603909487,-33.04889810519299,-71.65665695383093
51011666,5101,VALPARAISO,VALPARAISO,5,4643,3,3,3,1901.0,1060.0,99.96549434786695,-33.04076670445468,-71.65394928004136
51011667,5101,VALPARAISO,VALPARAISO,5,5262,4,3,4,84.0,48.0,99.99998243418736,-33.029321967406624,-71.65288677724129
51011670,5101,VALPARAISO,VALPARAISO,5,5942,4,4,4,1570.0,942.0,100.00000000000003,-33.046339709886766,-71.57662579046819
51011671,5101,VALPARAISO,VALPARAISO,5,5289,4,3,4,1460.0,816.0,99.99999999999997,-33.04267977450243,-71.57879410576001
56011351,5601,SAN ANTONIO,VALPARAISO,5,4599,3,3,3,1717.0,862.0,100.00000000000007,-33.58508617759838,-71.61029408456422
56011360,5601,SAN ANTONIO,VALPARAISO,5,5130,4,3,3,3107.0,1630.0,82.54697932589401,-33.603419790486086,-71.60825404045087
56011375,5601,SAN ANTONIO,VALPARAISO,5,4918,4,3,3,1847.0,845.0,51.59936824193561,-33.622210232939395,-71.60391108868664
56011365,5601,SAN ANTONIO,VALPARAISO,5,4083,3,2,3,473.0,210.0,25.319405531365028,-33.611810943788605,-71.59379929900084
58011247,5801,QUILPUE,VALPARAISO,5,5283,3,3,4,563.0,299.0,79.42590646521226,-33.03336523553164,-71.40042685730695
51011567,5101,VALPARAISO,VALPARAISO,5,5434,4,4,4,152.0,96.0,99.99999999999999,-33.057941493096514,-71.55947229385832
52016823,5201,ISLA DE PASCUA,VALPARAISO,5,3146,4,2,2,2784.0,1372.0,21.631779405530303,-27.16731340394371,-109.42213062340038
52016824,5201,ISLA DE PASCUA,VALPARAISO,5,3011,3,1,2,4542.0,2343.0,26.276816657305943,-27.143933927254,-109.41777990774322
51046827,5104,JUAN FERNANDEZ,VALPARAISO,5,3647,4,2,3,4.0,1.0,0.03468784960073,-33.6500034472331,-78.85162255277862
51046826,5104,JUAN FERNANDEZ,VALPARAISO,5,3609,3,2,3,865.0,488.0,43.54542559599489,-33.63961241441447,-78.82874785411666
